{
    "K_depth_720x720": [
        [
            495.49749755859375,
            0.0,
            359.5
        ],
        [
            0.0,
            495.49749755859375,
            359.5
        ],
        [
            0.0,
            0.0,
            1.0
        ]
    ],
    "K_reflectivity_720x720": [
        [
            495.49749755859375,
            0.0,
            359.5
        ],
        [
            0.0,
            495.49749755859375,
            359.5
        ],
        [
            0.0,
            0.0,
            1.0
        ]
    ],
    "RT_reflectivity_depth": [
        [
            1.0,
            0.0,
            0.0,
            0.0
        ],
        [
            0.0,
            1.0,
            0.0,
            0.0
        ],
        [
            0.0,
            0.0,
            1.0,
            0.0
        ],
        [
            0.0,
            0.0,
            0.0,
            1.0
        ]
    ],
    "RT_depth_reflectivity": [
        [
            1.0,
            0.0,
            0.0,
            0.0
        ],
        [
            0.0,
            1.0,
            0.0,
            0.0
        ],
        [
            0.0,
            0.0,
            1.0,
            0.0
        ],
        [
            0.0,
            0.0,
            0.0,
            1.0
        ]
    ],
    "RT_crf": [
        [
            0.0,
            -1.0,
            0.0,
            0.0
        ],
        [
            0.0,
            0.0,
            -1.0,
            0.0
        ],
        [
            1.0,
            0.0,
            0.0,
            0.0
        ],
        [
            0.0,
            0.0,
            0.0,
            1.0
        ]
    ]
}